date,customer_id,city,product,rating,channel,comment
2026-07-02,C1041,Bengaluru,"Masala Chai Blend",5,Website,"Best chai I have had outside my own kitchen. Ordering again."
2026-07-05,C1054,Mumbai,"Darjeeling First Flush",2,Email,"Paid for express delivery and it still came late."
2026-07-08,C1067,Delhi NCR,"Assam Breakfast",3,Email,"Support took four days to reply about my refund."
2026-07-11,C1080,Mumbai,"Chamomile Calm",2,Website,"Box arrived crushed and two sachets were torn open."
2026-07-14,C1093,Mumbai,"Masala Chai Blend",4,WhatsApp,"Great taste. A subscription option would be useful."
2026-07-17,C1106,Delhi NCR,"Masala Chai Blend",5,Website,"Please launch a monthly subscription. I reorder every month anyway."
2026-07-20,C1119,Bengaluru,"Darjeeling First Flush",3,Instagram,"Loved it but it has been out of stock for three weeks."
2026-07-23,C1132,Mumbai,"Chamomile Calm",4,Website,"Helps me sleep. A bit expensive for 20 sachets."
2026-07-26,C1145,Delhi NCR,"Darjeeling First Flush",1,WhatsApp,"Order cancelled after a week because of no stock. Disappointed."
2026-07-02,C1158,Bengaluru,"Assam Breakfast",4,Website,"Strong and fresh. Delivery took six days though."
2026-08-05,C1171,Mumbai,"Assam Breakfast",5,Website,"My daily tea now. Quick delivery this time."
2026-08-08,C1184,Delhi NCR,"Chamomile Calm",5,Website,"Lovely flavour and it arrived on time."
2026-08-11,C1197,Mumbai,"Chamomile Calm",1,WhatsApp,"Second time the packaging was damaged. Please fix this."
2026-08-14,C1210,Mumbai,"Darjeeling First Flush",5,Email,"Premium quality, worth the price."
2026-08-17,C1223,Delhi NCR,"Assam Breakfast",4,Instagram,"Nice packaging and a strong brew."
2026-08-20,C1236,Bengaluru,"Masala Chai Blend",5,Instagram,"Gifted it to my team and everyone asked where to buy it."
2026-08-23,C1249,Mumbai,"Chamomile Calm",2,Instagram,"Nice tea but the outer box was wet and dented."
2026-08-26,C1262,Delhi NCR,"Masala Chai Blend",4,Email,"Would love a less sweet version."
2026-08-02,C1275,Bengaluru,"Assam Breakfast",4,Website,"Good value. Would like a larger 500 g pack."
2026-08-05,C1288,Mumbai,"Masala Chai Blend",3,Website,"Tasty but too much ginger for me."
2026-09-08,C1301,Delhi NCR,"Masala Chai Blend",5,Website,"Best chai I have had outside my own kitchen. Ordering again."
2026-09-11,C1314,Bengaluru,"Darjeeling First Flush",2,Email,"Paid for express delivery and it still came late."
2026-09-14,C1327,Mumbai,"Assam Breakfast",3,Email,"Support took four days to reply about my refund."
2026-09-17,C1340,Mumbai,"Chamomile Calm",2,Website,"Box arrived crushed and two sachets were torn open."
2026-09-20,C1353,Bengaluru,"Masala Chai Blend",4,WhatsApp,"Great taste. A subscription option would be useful."
2026-09-23,C1366,Mumbai,"Masala Chai Blend",5,Website,"Please launch a monthly subscription. I reorder every month anyway."
2026-09-26,C1379,Delhi NCR,"Darjeeling First Flush",3,Instagram,"Loved it but it has been out of stock for three weeks."
2026-09-02,C1392,Bengaluru,"Chamomile Calm",4,Website,"Helps me sleep. A bit expensive for 20 sachets."
2026-09-05,C1405,Mumbai,"Darjeeling First Flush",1,WhatsApp,"Order cancelled after a week because of no stock. Disappointed."
2026-09-08,C1418,Delhi NCR,"Assam Breakfast",4,Website,"Strong and fresh. Delivery took six days though."
